id|ads_shown|age|gender|location
user0|13|52|M|Netherlands
user1|19|85|M|France
user2|42|36|female|France
user3|44|27|male|Germany
user4|62|23|female|Netherlands
user5|48|26|male|Luxembourg
user6|25|91|female|Luxembourg
user7|44|29|M|France
user8|18|60|male|Germany
user9|10|20|M|Luxembourg
user10|37|20|female|Germany
user11|18|38|female|France
user12|20|36|female|Germany
user13|35|48|male|Belgium
user14|56|31|M|Belgium
user15|17|56|male|Germany
user16|47|27|male|Netherlands
user17|45|30|male|Belgium
user18|16|48|female|Germany
user19|0|28|male|Belgium
user20|18|27|M|Germany
user21|31|39|M|France
user22|21|23|male|France
user23|8|52|female|Germany
user24|38|46|male|Belgium
user25|30|60|male|France
user26|3|22|male|Netherlands
user27|53|22|male|Luxembourg
user28|61|26|female|Germany
user29|15|18|female|France
user30|61|20|male|Germany
user31|48|45|F|Germany
user32|36|38|female|Belgium
user33|44|36|female|Luxembourg
user34|36|79|male|Netherlands
user35|47|39|female|Belgium
user36|21|21|female|Germany
user37|0|84|male|Luxembourg
user38|63|33|male|Belgium
user39|6|38|female|Germany
user40|0|40|M|France
user41|21|45|male|France
user42|27|19|female|Netherlands
user43|39|28|female|Belgium
user44|54|43|male|France
user45|36|27|female|Netherlands
user46|7|42|male|Belgium
user47|21|31|male|Netherlands
user48|35|62|male|Belgium
user49|24|19|male|Germany
user50|38|22|F|Belgium
user51|33|23|male|Belgium
user52|38|18|female|Belgium
user53|37|43|M|France
user54|2|92|female|Belgium
user55|76|23|male|Netherlands
user56|34|32|F|Luxembourg
user57|8|48|male|Belgium
user58|27|22|male|Belgium
user59|10|52|M|Germany
user60|51|39|female|France
user61|2|22|male|Luxembourg
user62|38|36|F|Luxembourg
user63|26|18|female|Belgium
user64|31|37|male|Germany
user65|32|19|female|Belgium
user66|13|51|M|Germany
user67|46|48|male|France
user68|28|33|female|Germany
user69|41|25|male|France
user70|62|29|female|Netherlands
user71|60|27|M|Belgium
user72|14|85|female|Belgium
user73|0|41|female|Germany
user74|25|74|F|Germany
user75|10|36|male|Germany
user76|9|22|F|Belgium
user77|21|22|female|France
user78|69|18|male|Germany
user79|12|36|female|France
user80|24|41|female|Netherlands
user81|42|77|M|Netherlands
user82|49|46|F|Luxembourg
user83|21|33|male|Germany
user84|28|47|M|France
user85|73|18|female|France
user86|31|40|F|Netherlands
user87|39|70|male|Belgium
user88|35|48|male|Belgium
user89|21|36|M|France
user90|64|25|male|Germany
user91|25|20|F|Luxembourg
user92|63|18|male|Germany
user93|30|41|female|Luxembourg
user94|16|52|male|Luxembourg
user95|64|30|F|Luxembourg
user96|27|61|male|Germany
user97|40|29|female|Belgium
user98|18|33|M|Luxembourg
user99|40|53|female|France
user100|14|27|F|Luxembourg
user101|74|18|female|France
user102|7|22|F|Belgium
user103|24|47|male|Belgium
user104|50|42|female|Germany
user105|49|37|male|Netherlands
user106|7|19|male|France
user107|41|40|male|Luxembourg
user108|22|53|M|Belgium
user109|11|37|female|Netherlands
user110|64|26|female|Netherlands
user111|3|47|male|Luxembourg
user112|53|42|male|Luxembourg
user113|37|46|male|Netherlands
user114|51|19|female|Germany
user115|32|37|male|Luxembourg
user116|39|49|M|Netherlands
user117|0|37|F|Belgium
user118|10|51|male|Belgium
user119|56|26|female|Netherlands
user120|5|33|M|Belgium
user121|43|69|male|Luxembourg
user122|5|35|male|Netherlands
user123|75|18|female|Luxembourg
user124|13|32|male|France
user125|68|22|female|France
user126|20|31|F|Germany
user127|15|36|female|Belgium
user128|26|41|F|France
user129|26|19|male|Luxembourg
user130|32|21|male|Belgium
user131|40|37|male|Germany
user132|24|37|M|France
user133|21|22|F|France
user134|52|20|female|France
user135|13|40|F|Luxembourg
user136|31|41|male|Belgium
user137|45|77|male|Netherlands
user138|35|47|F|Belgium
user139|9|42|male|Belgium
user140|29|68|F|Belgium
user141|18|92|female|Netherlands
user142|51|19|male|France
user143|18|66|male|Netherlands
user144|52|40|male|Luxembourg
user145|40|36|female|Netherlands
user146|77|18|male|Luxembourg
user147|23|38|female|Germany
user148|0|48|F|Netherlands
user149|49|46|male|Luxembourg
user150|7|20|male|Belgium
user151|35|50|male|Luxembourg
user152|29|18|male|Belgium
user153|22|85|male|Belgium
user154|33|20|male|Luxembourg
user155|29|48|F|Netherlands
user156|33|19|male|France
user157|72|19|female|Germany
user158|9|41|female|Germany
user159|31|43|male|Luxembourg
user160|43|46|female|Luxembourg
user161|15|32|male|France
user162|24|26|female|Belgium
user163|22|67|male|France
user164|35|80|M|Germany
user165|34|38|female|Germany
user166|48|42|M|France
user167|41|26|male|France
user168|25|37|female|France
user169|54|42|female|Germany
user170|8|93|male|Germany
user171|16|51|female|Luxembourg
user172|34|92|female|France
user173|28|21|female|Netherlands
user174|2|31|F|Belgium
user175|6|20|male|Belgium
user176|51|38|male|Netherlands
user177|38|23|male|Germany
user178|42|41|M|Germany
user179|36|21|male|Luxembourg
user180|46|36|F|Netherlands
user181|6|40|F|Belgium
user182|23|42|M|Germany
user183|44|36|male|Belgium
user184|58|21|female|Luxembourg
user185|25|33|female|Luxembourg
user186|61|33|female|Luxembourg
user187|11|31|male|France
user188|42|88|male|Belgium
user189|41|27|male|Netherlands
user190|41|23|male|France
user191|39|31|female|Luxembourg
user192|42|51|male|France
user193|22|18|female|Belgium
user194|1|67|female|France
user195|58|19|female|Belgium
user196|31|32|female|Netherlands
user197|47|18|F|Luxembourg
user198|1|43|female|Netherlands
user199|77|18|female|France
user200|36|90|female|Netherlands
user201|46|28|M|Belgium
user202|37|85|M|Netherlands
user203|12|26|male|Netherlands
user204|42|48|M|Belgium
user205|74|23|female|Luxembourg
user206|27|41|female|France
user207|1|98|female|France
user208|70|20|male|Belgium
user209|19|49|female|Netherlands
user210|25|48|male|Netherlands
user211|66|18|male|France
user212|18|89|male|Luxembourg
user213|53|33|female|Belgium
user214|7|74|female|Belgium
user215|42|48|male|Belgium
user216|2|45|M|Netherlands
user217|9|37|female|France
user218|13|40|female|Luxembourg
user219|23|45|female|Luxembourg
user220|1|51|F|Germany
user221|38|52|female|Netherlands
user222|7|87|male|France
user223|39|29|male|Belgium
user224|0|41|male|Luxembourg
user225|16|94|male|Germany
user226|33|45|female|Netherlands
user227|40|23|female|France
user228|58|28|male|Germany
user229|68|21|male|France
user230|24|47|female|Luxembourg
user231|61|29|female|Netherlands
user232|4|31|male|Netherlands
user233|25|93|male|Netherlands
user234|5|19|female|Germany
user235|69|22|female|Netherlands
user236|73|22|female|Luxembourg
user237|17|81|male|Belgium
user238|21|19|female|Belgium
user239|22|37|female|Belgium
user240|59|26|male|Netherlands
user241|27|43|F|Belgium
user242|10|45|female|Netherlands
user243|16|28|female|France
user244|30|22|male|Belgium
user245|46|18|female|France
user246|5|22|male|Germany
user247|30|25|female|France
user248|78|19|male|France
user249|31|31|female|Germany
user250|63|18|female|Belgium
user251|34|22|M|Luxembourg
user252|48|21|female|Belgium
user253|13|19|male|Germany
user254|7|74|male|Luxembourg
user255|44|40|male|Belgium
user256|9|42|female|Luxembourg
user257|20|19|female|France
user258|24|57|female|Germany
user259|75|23|male|Belgium
user260|1|47|female|France
user261|46|27|female|Belgium
user262|15|46|female|Netherlands
user263|7|38|M|Luxembourg
user264|8|52|female|France
user265|39|26|male|Luxembourg
user266|9|28|female|France
user267|47|39|female|Netherlands
user268|43|49|female|France
user269|32|43|male|Germany
user270|13|43|F|France
user271|44|36|female|France
user272|51|18|male|Luxembourg
user273|11|43|female|Germany
user274|31|45|F|Belgium
user275|62|28|female|Germany
user276|23|38|male|Luxembourg
user277|75|18|female|Netherlands
user278|16|77|female|France
user279|49|52|male|Luxembourg
user280|21|62|M|Belgium
user281|13|50|male|Luxembourg
user282|42|21|male|Germany
user283|28|22|male|Belgium
user284|37|48|female|Luxembourg
user285|6|33|female|France
user286|33|25|female|Belgium
user287|38|21|male|Netherlands
user288|14|45|female|France
user289|60|32|M|Netherlands
user290|31|30|female|Luxembourg
user291|10|53|female|Netherlands
user292|21|52|female|Netherlands
user293|36|20|F|Netherlands
user294|20|35|female|France
user295|8|52|female|Germany
user296|53|21|male|Germany
user297|42|27|male|Luxembourg
user298|50|32|female|France
user299|44|45|male|Luxembourg
user300|77|18|male|Belgium
user301|49|43|female|Belgium
user302|49|23|male|Germany
user303|36|45|female|Netherlands
user304|62|21|male|Luxembourg
user305|35|45|male|Germany
user306|20|31|female|France
user307|30|19|male|Luxembourg
user308|7|81|female|Luxembourg
user309|41|93|female|Belgium
user310|55|30|male|France
user311|32|23|male|Luxembourg
user312|37|38|female|Luxembourg
user313|20|28|male|Netherlands
user314|34|31|male|Netherlands
user315|40|87|female|Germany
user316|54|40|male|Belgium
user317|37|36|M|France
user318|16|52|F|Germany
user319|5|61|male|Belgium
user320|32|37|female|France
user321|46|20|male|France
user322|1|49|M|Luxembourg
user323|1|20|male|Germany
user324|10|52|female|Germany
user325|5|77|M|France
user326|41|65|M|Belgium
user327|15|97|male|Belgium
user328|19|35|female|France
user329|6|33|female|Luxembourg
user330|4|48|female|Germany
user331|15|41|female|Luxembourg
user332|43|47|male|France
user333|30|50|male|France
user334|45|22|female|Netherlands
user335|30|75|female|Luxembourg
user336|67|23|male|Belgium
user337|30|35|female|Luxembourg
user338|53|41|M|Luxembourg
user339|41|38|male|France
user340|15|39|female|Luxembourg
user341|28|95|M|Netherlands
user342|15|38|female|Luxembourg
user343|37|47|M|Luxembourg
user344|5|64|female|Luxembourg
user345|22|25|male|France
user346|5|57|F|Luxembourg
user347|23|48|F|France
user348|30|20|male|Belgium
user349|14|26|female|Luxembourg
user350|19|36|female|Belgium
user351|3|74|female|Germany
user352|56|28|male|Belgium
user353|42|35|female|Germany
user354|44|19|female|Luxembourg
user355|47|32|male|Netherlands
user356|18|21|female|Netherlands
user357|9|80|female|Luxembourg
user358|19|48|female|Netherlands
user359|21|40|female|Luxembourg
user360|2|39|male|Germany
user361|2|39|M|France
user362|19|59|M|Germany
user363|24|65|male|Luxembourg
user364|39|29|female|Netherlands
user365|25|30|M|Germany
user366|53|41|female|Germany
user367|8|22|female|Germany
user368|51|29|female|Germany
user369|51|39|male|Luxembourg
user370|18|18|female|Luxembourg
user371|0|45|male|Luxembourg
user372|61|22|M|France
user373|31|23|male|Netherlands
user374|10|41|female|Luxembourg
user375|23|19|female|Germany
user376|22|33|male|France
user377|16|47|male|Germany
user378|47|32|female|Belgium
user379|22|48|F|Belgium
user380|11|30|female|Belgium
user381|39|42|female|Belgium
user382|30|52|M|Luxembourg
user383|4|56|M|Netherlands
user384|24|48|male|France
user385|65|22|F|France
user386|5|37|F|Netherlands
user387|41|52|female|Luxembourg
user388|8|47|male|Germany
user389|32|36|female|France
user390|43|39|female|Netherlands
user391|40|41|F|Belgium
user392|16|30|male|Belgium
user393|55|22|F|Germany
user394|31|51|F|Netherlands
user395|60|33|M|Luxembourg
user396|20|47|female|Luxembourg
user397|51|18|male|Luxembourg
user398|26|30|male|Germany
user399|43|43|F|Germany
user400|55|28|female|Netherlands
user401|36|53|male|Netherlands
user402|42|74|male|Luxembourg
user403|3|32|male|Luxembourg
user404|7|33|female|Netherlands
user405|38|45|female|Luxembourg
user406|15|27|female|Netherlands
user407|56|22|F|Luxembourg
user408|6|38|female|Belgium
user409|18|19|female|Netherlands
user410|40|37|male|Germany
user411|50|32|male|Germany
user412|22|23|female|France
user413|28|91|M|Luxembourg
user414|22|47|female|France
user415|8|25|male|Germany
user416|40|39|F|France
user417|63|19|female|Netherlands
user418|14|23|male|Netherlands
user419|28|58|male|Luxembourg
user420|15|95|male|Germany
user421|7|33|female|Germany
user422|55|27|M|Luxembourg
user423|25|84|female|Luxembourg
user424|49|39|male|Luxembourg
user425|18|23|male|Germany
user426|23|47|F|Germany
user427|41|21|M|Luxembourg
user428|14|36|M|France
user429|11|25|F|France
user430|32|48|male|Netherlands
user431|10|29|male|Germany
user432|46|28|F|France
user433|45|23|female|Germany
user434|16|38|male|Belgium
user435|35|28|male|Germany
user436|46|31|F|France
user437|79|19|female|Luxembourg
user438|40|30|M|Luxembourg
user439|29|52|M|Netherlands
user440|45|27|male|Luxembourg
user441|36|30|M|France
user442|9|60|male|Netherlands
user443|26|18|F|Belgium
user444|27|23|male|Luxembourg
user445|51|40|female|France
user446|25|55|male|Netherlands
user447|33|39|male|Belgium
user448|6|19|M|France
user449|33|46|female|Germany
user450|16|18|female|Belgium
user451|15|18|male|Belgium
user452|10|41|male|Germany
user453|39|73|F|Germany
user454|38|51|female|Germany
user455|14|40|male|Netherlands
user456|37|39|F|France
user457|14|45|female|Belgium
user458|8|90|female|Netherlands
user459|12|52|male|Luxembourg
user460|72|21|F|Belgium
user461|21|18|female|Germany
user462|42|27|female|France
user463|47|46|M|Netherlands
user464|46|18|male|Belgium
user465|41|38|M|Luxembourg
user466|46|45|female|Belgium
user467|20|65|female|France
user468|35|27|male|France
user469|15|60|male|Belgium
user470|39|49|male|Germany
user471|23|48|F|France
user472|31|46|F|Germany
user473|42|48|male|Belgium
user474|33|94|female|Germany
user475|10|29|male|Belgium
user476|48|48|M|France
user477|52|41|F|France
user478|44|20|male|Belgium
user479|54|39|male|Luxembourg
user480|39|35|female|Belgium
user481|12|53|male|Luxembourg
user482|25|51|F|Germany
user483|22|22|male|Germany
user484|69|22|F|Netherlands
user485|64|32|M|Germany
user486|27|38|female|France
user487|19|48|M|Germany
user488|31|33|F|Luxembourg
user489|0|35|female|Luxembourg
user490|37|18|male|Luxembourg
user491|27|43|female|Netherlands
user492|36|60|female|Belgium
user493|54|22|F|Netherlands
user494|15|50|male|Netherlands
user495|38|41|female|Luxembourg
user496|14|38|F|Luxembourg
user497|40|35|male|Netherlands
user498|13|18|female|Belgium
user499|6|66|male|France
user500|62|21|male|Germany
user501|24|27|female|Belgium
user502|42|26|M|Belgium
user503|21|37|M|Luxembourg
user504|30|37|female|France
user505|30|41|M|Germany
user506|13|18|male|France
user507|27|49|F|France
user508|21|32|male|France
user509|48|49|male|Luxembourg
user510|21|38|F|Luxembourg
user511|24|18|male|Germany
user512|26|82|female|Belgium
user513|26|23|male|Luxembourg
user514|72|22|M|Belgium
user515|49|40|M|Belgium
user516|51|38|male|Luxembourg
user517|34|35|female|Luxembourg
user518|19|55|male|Germany
user519|51|29|male|Netherlands
user520|47|48|M|Netherlands
user521|63|22|male|Netherlands
user522|26|22|female|Germany
user523|28|27|male|Luxembourg
user524|37|35|female|Germany
user525|6|42|female|Luxembourg
user526|53|43|male|Belgium
user527|8|50|male|Belgium
user528|25|64|male|France
user529|32|63|F|France
user530|68|19|M|Luxembourg
user531|28|27|M|Netherlands
user532|51|30|female|Germany
user533|35|29|male|Luxembourg
user534|13|47|male|Netherlands
user535|52|23|male|Belgium
user536|21|41|female|Germany
user537|4|88|male|Luxembourg
user538|38|22|F|Luxembourg
user539|15|26|male|France
user540|4|18|female|France
user541|51|43|female|Belgium
user542|40|49|male|France
user543|0|46|female|Netherlands
user544|4|75|male|France
user545|1|46|male|Luxembourg
user546|8|22|male|Germany
user547|74|21|female|Netherlands
user548|24|21|male|France
user549|68|19|female|France
user550|66|23|male|Belgium
user551|11|48|M|Belgium
user552|37|51|M|Netherlands
user553|45|51|female|Luxembourg
user554|41|28|male|France
user555|59|32|female|France
user556|2|33|male|Belgium
user557|41|27|female|Germany
user558|10|32|female|Luxembourg
user559|22|22|male|France
user560|69|22|male|Germany
user561|18|18|male|Luxembourg
user562|3|25|male|Belgium
user563|64|19|male|Luxembourg
user564|9|50|female|Luxembourg
user565|12|43|female|France
user566|27|29|M|Luxembourg
user567|33|40|male|France
user568|17|21|male|Netherlands
user569|25|30|F|Luxembourg
user570|19|20|female|Luxembourg
user571|0|28|F|France
user572|32|45|female|France
user573|16|50|male|Luxembourg
user574|40|22|male|France
user575|50|35|female|Netherlands
user576|51|33|male|France
user577|59|33|M|Netherlands
user578|13|42|male|Belgium
user579|23|53|female|Luxembourg
user580|23|41|male|Netherlands
user581|36|19|male|Belgium
user582|30|49|male|Belgium
user583|3|50|female|France
user584|58|20|male|France
user585|24|48|male|Belgium
user586|6|23|male|Belgium
user587|29|49|female|France
user588|34|30|female|Belgium
user589|26|50|M|Germany
user590|23|26|M|Luxembourg
user591|49|29|M|Belgium
user592|64|20|female|Netherlands
user593|34|40|F|Netherlands
user594|41|25|M|Luxembourg
user595|48|49|male|France
user596|3|21|female|Belgium
user597|39|18|M|Germany
user598|65|28|female|Netherlands
user599|54|19|F|Belgium
user600|9|45|male|Netherlands
user601|53|22|male|Belgium
user602|64|22|male|Belgium
user603|21|45|male|France
user604|61|23|female|Germany
user605|24|49|female|Netherlands
user606|0|28|male|Germany
user607|40|40|male|France
user608|17|23|female|Belgium
user609|19|19|female|Belgium
user610|41|69|male|Germany
user611|4|48|male|Luxembourg
user612|2|47|male|Netherlands
user613|7|21|female|Germany
user614|40|45|female|Belgium
user615|7|52|female|Luxembourg
user616|32|60|male|Netherlands
user617|22|46|female|Germany
user618|28|41|female|Luxembourg
user619|17|27|female|Germany
user620|64|22|male|France
user621|4|61|female|Germany
user622|13|30|F|Germany
user623|10|29|M|Germany
user624|56|31|female|Germany
user625|43|20|F|Luxembourg
user626|18|45|female|Germany
user627|44|27|female|Belgium
user628|50|37|M|Belgium
user629|37|19|female|Belgium
user630|32|95|female|Netherlands
user631|48|42|female|France
user632|38|19|female|Netherlands
user633|51|32|female|France
user634|1|48|female|Luxembourg
user635|36|29|F|Belgium
user636|35|19|M|France
user637|38|21|female|Netherlands
user638|32|63|M|Netherlands
user639|42|53|male|Netherlands
user640|57|28|female|Luxembourg
user641|22|41|female|Belgium
user642|12|73|male|Luxembourg
user643|46|42|male|France
user644|13|47|male|France
user645|9|52|female|France
user646|51|20|female|Germany
user647|29|49|male|France
user648|74|21|M|Belgium
user649|76|23|male|France
user650|42|22|male|Luxembourg
user651|40|97|male|France
user652|57|31|male|France
user653|47|43|male|Belgium
user654|42|32|male|Germany
user655|27|19|F|France
user656|44|31|male|Luxembourg
user657|45|23|male|Belgium
user658|37|42|male|Belgium
user659|14|19|female|France
user660|0|40|F|Belgium
user661|12|21|female|France
user662|39|49|F|France
user663|19|53|male|Germany
user664|74|19|male|Belgium
user665|67|21|female|Germany
user666|12|90|female|Germany
user667|44|21|male|Belgium
user668|35|51|male|France
user669|7|20|female|Germany
user670|6|33|male|Belgium
user671|40|21|male|Belgium
user672|27|47|male|Luxembourg
user673|14|65|F|France
user674|28|32|male|Netherlands
user675|41|94|male|Luxembourg
user676|27|90|female|Germany
user677|30|45|male|Netherlands
user678|9|51|male|Germany
user679|10|37|F|Netherlands
user680|33|38|female|France
user681|3|97|female|Belgium
user682|44|41|female|Luxembourg
user683|5|31|female|Netherlands
user684|12|21|male|Belgium
user685|75|22|male|Netherlands
user686|45|22|female|Germany
user687|5|19|male|Belgium
user688|10|19|male|Luxembourg
user689|9|41|male|Germany
user690|29|32|M|France
user691|45|68|M|Belgium
user692|45|42|female|Germany
user693|19|19|female|Netherlands
user694|11|52|female|France
user695|5|38|female|Belgium
user696|62|28|male|Netherlands
user697|2|35|F|Luxembourg
user698|27|90|F|France
user699|3|47|male|Germany
user700|37|41|female|Netherlands
user701|11|37|female|France
user702|35|52|female|Netherlands
user703|5|25|male|Germany
user704|9|47|female|France
user705|23|45|female|Belgium
user706|16|97|male|Netherlands
user707|3|81|male|France
user708|48|46|female|Netherlands
user709|50|18|female|France
user710|9|28|male|Belgium
user711|4|57|male|Belgium
user712|0|86|male|Belgium
user713|29|27|M|Netherlands
user714|27|30|male|France
user715|20|48|female|Luxembourg
user716|58|29|male|France
user717|0|89|male|Belgium
user718|16|26|female|France
user719|21|22|male|France
user720|53|18|female|Luxembourg
user721|33|38|female|Belgium
user722|29|20|female|Netherlands
user723|18|38|female|Belgium
user724|45|52|male|France
user725|7|26|female|Germany
user726|26|51|male|France
user727|28|59|male|Belgium
user728|57|25|female|Germany
user729|65|28|M|Luxembourg
user730|40|20|male|Luxembourg
user731|36|45|female|Netherlands
user732|62|31|male|Netherlands
user733|48|50|M|France
user734|31|94|male|Luxembourg
user735|33|38|male|Luxembourg
user736|11|27|M|Belgium
user737|8|50|F|Luxembourg
user738|9|28|female|France
user739|14|21|female|Germany
user740|73|19|male|France
user741|49|29|male|Luxembourg
user742|1|84|F|France
user743|34|43|male|Luxembourg
user744|52|35|male|Luxembourg
user745|21|49|male|Netherlands
user746|47|22|male|Netherlands
user747|17|36|male|Luxembourg
user748|11|86|female|Belgium
user749|19|85|F|Luxembourg
user750|0|36|male|Netherlands
user751|4|52|male|Netherlands
user752|43|25|male|Germany
user753|22|71|F|France
user754|34|21|F|Germany
user755|69|23|female|Germany
user756|39|26|female|Belgium
user757|23|62|male|Belgium
user758|16|59|female|Germany
user759|48|22|female|Luxembourg
user760|8|22|female|Belgium
user761|25|96|M|Luxembourg
user762|36|39|F|Germany
user763|47|32|female|France
user764|47|41|female|Germany
user765|0|22|female|Netherlands
user766|8|43|male|Luxembourg
user767|70|19|female|France
user768|47|45|female|Germany
user769|37|45|male|Luxembourg
user770|29|40|female|Germany
user771|26|38|female|Belgium
user772|17|45|male|Luxembourg
user773|22|19|F|Germany
user774|5|23|male|Netherlands
user775|14|52|male|Belgium
user776|67|18|M|Germany
user777|29|18|M|Luxembourg
user778|61|22|male|Belgium
user779|77|19|female|Germany
user780|49|51|female|Luxembourg
user781|22|22|female|Luxembourg
user782|23|20|female|Belgium
user783|17|68|M|Luxembourg
user784|21|40|female|Luxembourg
user785|40|18|male|France
user786|0|49|F|Germany
user787|26|26|male|Luxembourg
user788|27|53|M|Germany
user789|5|20|female|Germany
user790|31|98|female|Belgium
user791|10|19|F|France
user792|32|41|M|Belgium
user793|62|19|F|Luxembourg
user794|1|23|female|Luxembourg
user795|0|51|M|Germany
user796|68|18|male|Luxembourg
user797|4|33|male|Netherlands
user798|17|20|female|Germany
user799|21|49|female|France
user800|40|85|female|Netherlands
user801|31|21|female|France
user802|39|37|female|Netherlands
user803|50|28|female|Netherlands
user804|37|49|M|Germany
user805|17|43|male|Luxembourg
user806|12|18|female|Luxembourg
user807|25|32|male|Netherlands
user808|49|35|F|Luxembourg
user809|7|53|F|France
user810|39|23|M|Netherlands
user811|19|50|female|Luxembourg
user812|61|19|male|Germany
user813|48|37|female|Netherlands
user814|14|73|female|Luxembourg
user815|19|96|female|France
user816|26|21|female|Netherlands
user817|40|47|male|Luxembourg
user818|37|33|male|Luxembourg
user819|11|23|female|Belgium
user820|30|18|F|Luxembourg
user821|37|49|male|Luxembourg
user822|19|28|F|Luxembourg
user823|39|38|male|Netherlands
user824|20|60|female|Germany
user825|24|40|F|Netherlands
user826|20|20|female|Netherlands
user827|32|25|female|Luxembourg
user828|29|18|F|Netherlands
user829|18|19|male|Netherlands
user830|37|42|female|Belgium
user831|50|22|male|Netherlands
user832|33|47|male|Belgium
user833|5|25|M|Netherlands
user834|27|21|female|Netherlands
user835|11|38|M|Germany
user836|41|81|female|Netherlands
user837|65|32|female|Netherlands
user838|40|32|male|Netherlands
user839|10|48|male|Belgium
user840|75|22|F|Luxembourg
user841|6|21|male|Germany
user842|37|71|female|Netherlands
user843|5|49|F|Belgium
user844|7|43|male|France
user845|2|37|female|Belgium
user846|58|23|male|France
user847|46|20|male|France
user848|70|18|female|Germany
user849|62|28|female|Belgium
user850|36|23|male|Belgium
user851|6|26|female|Belgium
user852|14|39|male|Luxembourg
user853|60|26|F|France
user854|44|90|male|France
user855|9|41|F|Netherlands
user856|18|98|male|Luxembourg
user857|9|27|female|France
user858|0|41|male|Germany
user859|18|49|male|Luxembourg
user860|11|93|male|Germany
user861|79|21|female|Germany
user862|37|43|female|France
user863|45|31|female|Luxembourg
user864|31|40|female|Netherlands
user865|17|25|female|Netherlands
user866|10|27|female|France
user867|40|26|female|Netherlands
user868|48|53|female|Belgium
user869|39|18|F|Belgium
user870|48|35|F|Belgium
user871|12|31|female|Netherlands
user872|37|18|M|Netherlands
user873|26|30|M|Luxembourg
user874|14|38|female|Netherlands
user875|5|48|male|Luxembourg
user876|21|45|male|France
user877|20|25|male|Luxembourg
user878|40|38|female|Luxembourg
user879|33|30|female|Luxembourg
user880|3|41|F|Luxembourg
user881|54|36|female|Netherlands
user882|52|28|F|Netherlands
user883|12|43|female|Netherlands
user884|13|49|male|Germany
user885|9|31|female|Germany
user886|68|23|M|France
user887|31|23|F|Netherlands
user888|58|26|male|Netherlands
user889|35|42|female|Luxembourg
user890|18|21|male|Belgium
user891|25|40|male|Luxembourg
user892|9|25|F|Belgium
user893|47|25|female|Belgium
user894|37|58|male|Belgium
user895|36|99|female|Luxembourg
user896|34|18|male|Germany
user897|71|22|male|Germany
user898|23|47|male|France
user899|17|27|male|Germany
user900|40|27|male|Netherlands
user901|23|91|male|France
user902|36|41|female|France
user903|15|32|female|Belgium
user904|26|83|female|France
user905|8|39|F|Netherlands
user906|8|64|male|Germany
user907|20|47|female|Netherlands
user908|11|35|female|Luxembourg
user909|18|41|male|France
user910|36|90|female|Belgium
user911|28|20|M|Germany
user912|19|59|M|Germany
user913|29|19|female|Belgium
user914|32|18|female|Luxembourg
user915|27|25|male|Netherlands
user916|24|47|male|Luxembourg
user917|7|52|female|Germany
user918|44|51|male|Luxembourg
user919|47|18|female|Belgium
user920|7|86|female|Belgium
user921|56|20|male|France
user922|39|95|male|Belgium
user923|21|48|female|France
user924|59|22|male|Germany
user925|9|21|male|Luxembourg
user926|0|33|M|Luxembourg
user927|62|30|male|Germany
user928|76|22|male|Germany
user929|28|35|male|France
user930|0|18|F|Germany
user931|25|50|male|Netherlands
user932|18|18|male|Netherlands
user933|24|48|male|Belgium
user934|29|22|female|Germany
user935|58|23|female|Belgium
user936|25|27|male|Netherlands
user937|19|30|female|Germany
user938|33|41|male|Germany
user939|6|20|male|France
user940|13|53|female|Luxembourg
user941|50|31|male|Luxembourg
user942|27|32|F|Luxembourg
user943|14|77|female|Belgium
user944|51|41|female|France
user945|17|56|male|Germany
user946|9|20|female|Belgium
user947|14|55|male|Netherlands
user948|22|27|F|Belgium
user949|26|25|female|Belgium
user950|43|39|female|France
user951|1|26|M|Germany
user952|32|38|male|Luxembourg
user953|7|31|female|Belgium
user954|48|25|male|Germany
user955|17|56|female|France
user956|42|49|female|Belgium
user957|24|74|female|Netherlands
user958|22|28|female|France
user959|18|19|male|Belgium
user960|31|42|M|France
user961|38|86|female|Luxembourg
user962|74|21|male|Luxembourg
user963|36|53|male|Germany
user964|28|75|F|France
user965|38|28|male|Germany
user966|24|76|female|Luxembourg
user967|21|23|M|France
user968|44|43|M|Luxembourg
user969|0|46|F|France
user970|44|40|male|France
user971|16|31|male|Luxembourg
user972|27|22|female|Belgium
user973|33|67|male|Netherlands
user974|68|21|female|Germany
user975|22|27|female|Netherlands
user976|26|94|female|Germany
user977|19|30|female|France
user978|10|39|F|Belgium
user979|20|25|male|France
user980|48|37|female|Luxembourg
user981|23|30|female|France
user982|38|25|female|France
user983|28|49|M|France
user984|50|36|male|Belgium
user985|42|93|female|Belgium
user986|17|22|male|Luxembourg
user987|8|71|M|Germany
user988|30|23|F|France
user989|42|21|M|Germany
user990|29|51|female|Germany
user991|70|19|female|Germany
user992|41|22|F|France
user993|72|19|female|Germany
user994|40|42|female|France
user995|52|27|female|Belgium
user996|25|92|male|Germany
user997|47|35|F|Belgium
user998|17|43|female|France
user999|10|96|male|Luxembourg
